{"train/loss": 0.693, "train/grad_norm": 2.3645317554473877, "train/learning_rate": 0.0, "train/epoch": 3.0, "train/global_step": 22500, "_timestamp": 1712043717.4174654, "_runtime": 8116.994903564453, "_step": 228, "eval/loss": 0.6931512951850891, "eval/runtime": 397.8503, "eval/samples_per_second": 155.832, "eval/steps_per_second": 9.74, "train_runtime": 8376.3535, "train_samples_per_second": 42.974, "train_steps_per_second": 2.686, "total_flos": 2.367783957476045e+16, "train_loss": 0.6967884104410808, "_wandb": {"runtime": 8122}}